{
  "meta": {
    "period": "Aug/10 \u2013 Jun/26",
    "n_months": 191,
    "assets": [
      "VT_BRL",
      "BOVA11",
      "IMAB11",
      "CDI"
    ],
    "rf_annual": 0.098557
  },
  "stats": {
    "VT_BRL": {
      "mu_monthly": 0.01538482,
      "mu_annual": 0.201069,
      "vol_annual": 0.153958
    },
    "BOVA11": {
      "mu_monthly": 0.00665445,
      "mu_annual": 0.082842,
      "vol_annual": 0.209574
    },
    "IMAB11": {
      "mu_monthly": 0.00874764,
      "mu_annual": 0.110172,
      "vol_annual": 0.06765
    },
    "CDI": {
      "mu_monthly": 0.00786387,
      "mu_annual": 0.098557,
      "vol_annual": 0.009896
    }
  },
  "cov_annual": {
    "VT_BRL": {
      "VT_BRL": 0.0237030042,
      "BOVA11": -0.0020622184,
      "IMAB11": -0.0029590309,
      "CDI": -0.0002395096
    },
    "BOVA11": {
      "VT_BRL": -0.0020622184,
      "BOVA11": 0.0439211251,
      "IMAB11": 0.0074809784,
      "CDI": 2.0176e-06
    },
    "IMAB11": {
      "VT_BRL": -0.0029590309,
      "BOVA11": 0.0074809784,
      "IMAB11": 0.0045765029,
      "CDI": 6.03246e-05
    },
    "CDI": {
      "VT_BRL": -0.0002395096,
      "BOVA11": 2.0176e-06,
      "IMAB11": 6.03246e-05,
      "CDI": 9.79352e-05
    }
  },
  "corr": {
    "VT_BRL": {
      "VT_BRL": 1.0,
      "BOVA11": -0.063914,
      "IMAB11": -0.284106,
      "CDI": -0.1572
    },
    "BOVA11": {
      "VT_BRL": -0.063914,
      "BOVA11": 1.0,
      "IMAB11": 0.527661,
      "CDI": 0.000973
    },
    "IMAB11": {
      "VT_BRL": -0.284106,
      "BOVA11": 0.527661,
      "IMAB11": 1.0,
      "CDI": 0.090107
    },
    "CDI": {
      "VT_BRL": -0.1572,
      "BOVA11": 0.000973,
      "IMAB11": 0.090107,
      "CDI": 1.0
    }
  },
  "max_sharpe": {
    "weights": {
      "VT_BRL": 0.470762,
      "BOVA11": 0.0,
      "IMAB11": 0.529238,
      "CDI": 0.0
    },
    "ret": 0.152147,
    "vol": 0.071136,
    "sharpe": 0.753342
  },
  "frontier": [
    {
      "ret": 0.082842,
      "vol": 0.209574,
      "weights": {
        "VT_BRL": 0.0,
        "BOVA11": 1.0,
        "IMAB11": 0.0,
        "CDI": 0.0
      }
    },
    {
      "ret": 0.084846,
      "vol": 0.182702,
      "weights": {
        "VT_BRL": 0.0,
        "BOVA11": 0.871751,
        "IMAB11": 0.0,
        "CDI": 0.128249
      }
    },
    {
      "ret": 0.08685,
      "vol": 0.155887,
      "weights": {
        "VT_BRL": 0.0,
        "BOVA11": 0.74372,
        "IMAB11": 0.0,
        "CDI": 0.25628
      }
    },
    {
      "ret": 0.088853,
      "vol": 0.129137,
      "weights": {
        "VT_BRL": 0.0,
        "BOVA11": 0.615904,
        "IMAB11": 0.0,
        "CDI": 0.384096
      }
    },
    {
      "ret": 0.090857,
      "vol": 0.102466,
      "weights": {
        "VT_BRL": 0.0,
        "BOVA11": 0.488304,
        "IMAB11": 0.0,
        "CDI": 0.511696
      }
    },
    {
      "ret": 0.092861,
      "vol": 0.075909,
      "weights": {
        "VT_BRL": 0.0,
        "BOVA11": 0.360918,
        "IMAB11": 0.0,
        "CDI": 0.639082
      }
    },
    {
      "ret": 0.094865,
      "vol": 0.049578,
      "weights": {
        "VT_BRL": 0.0,
        "BOVA11": 0.233747,
        "IMAB11": 0.0,
        "CDI": 0.766253
      }
    },
    {
      "ret": 0.096869,
      "vol": 0.02407,
      "weights": {
        "VT_BRL": 0.0,
        "BOVA11": 0.106789,
        "IMAB11": 0.0,
        "CDI": 0.893211
      }
    },
    {
      "ret": 0.098873,
      "vol": 0.009775,
      "weights": {
        "VT_BRL": 0.003732,
        "BOVA11": 0.003248,
        "IMAB11": 0.0,
        "CDI": 0.993021
      }
    },
    {
      "ret": 0.100876,
      "vol": 0.009619,
      "weights": {
        "VT_BRL": 0.020824,
        "BOVA11": 0.0,
        "IMAB11": 0.023254,
        "CDI": 0.955922
      }
    },
    {
      "ret": 0.10288,
      "vol": 0.010225,
      "weights": {
        "VT_BRL": 0.038744,
        "BOVA11": 0.0,
        "IMAB11": 0.043625,
        "CDI": 0.91763
      }
    },
    {
      "ret": 0.104884,
      "vol": 0.011488,
      "weights": {
        "VT_BRL": 0.056634,
        "BOVA11": 0.0,
        "IMAB11": 0.063963,
        "CDI": 0.879403
      }
    },
    {
      "ret": 0.106888,
      "vol": 0.013218,
      "weights": {
        "VT_BRL": 0.074495,
        "BOVA11": 0.0,
        "IMAB11": 0.084266,
        "CDI": 0.841239
      }
    },
    {
      "ret": 0.108892,
      "vol": 0.015255,
      "weights": {
        "VT_BRL": 0.092326,
        "BOVA11": 0.0,
        "IMAB11": 0.104536,
        "CDI": 0.803138
      }
    },
    {
      "ret": 0.110896,
      "vol": 0.01749,
      "weights": {
        "VT_BRL": 0.110127,
        "BOVA11": 0.0,
        "IMAB11": 0.124773,
        "CDI": 0.7651
      }
    },
    {
      "ret": 0.1129,
      "vol": 0.019853,
      "weights": {
        "VT_BRL": 0.127899,
        "BOVA11": 0.0,
        "IMAB11": 0.144975,
        "CDI": 0.727126
      }
    },
    {
      "ret": 0.114903,
      "vol": 0.022303,
      "weights": {
        "VT_BRL": 0.145641,
        "BOVA11": 0.0,
        "IMAB11": 0.165146,
        "CDI": 0.689213
      }
    },
    {
      "ret": 0.116907,
      "vol": 0.024812,
      "weights": {
        "VT_BRL": 0.163355,
        "BOVA11": 0.0,
        "IMAB11": 0.185282,
        "CDI": 0.651363
      }
    },
    {
      "ret": 0.118911,
      "vol": 0.027363,
      "weights": {
        "VT_BRL": 0.181039,
        "BOVA11": 0.0,
        "IMAB11": 0.205386,
        "CDI": 0.613575
      }
    },
    {
      "ret": 0.120915,
      "vol": 0.029944,
      "weights": {
        "VT_BRL": 0.198694,
        "BOVA11": 0.0,
        "IMAB11": 0.225456,
        "CDI": 0.57585
      }
    },
    {
      "ret": 0.122919,
      "vol": 0.032546,
      "weights": {
        "VT_BRL": 0.21632,
        "BOVA11": 0.0,
        "IMAB11": 0.245494,
        "CDI": 0.538186
      }
    },
    {
      "ret": 0.124923,
      "vol": 0.035164,
      "weights": {
        "VT_BRL": 0.233918,
        "BOVA11": 0.0,
        "IMAB11": 0.265499,
        "CDI": 0.500583
      }
    },
    {
      "ret": 0.126927,
      "vol": 0.037794,
      "weights": {
        "VT_BRL": 0.251487,
        "BOVA11": 0.0,
        "IMAB11": 0.285471,
        "CDI": 0.463042
      }
    },
    {
      "ret": 0.12893,
      "vol": 0.040432,
      "weights": {
        "VT_BRL": 0.269027,
        "BOVA11": 0.0,
        "IMAB11": 0.30541,
        "CDI": 0.425563
      }
    },
    {
      "ret": 0.130934,
      "vol": 0.043076,
      "weights": {
        "VT_BRL": 0.286539,
        "BOVA11": 0.0,
        "IMAB11": 0.325318,
        "CDI": 0.388144
      }
    },
    {
      "ret": 0.132938,
      "vol": 0.045724,
      "weights": {
        "VT_BRL": 0.304022,
        "BOVA11": 0.0,
        "IMAB11": 0.345193,
        "CDI": 0.350785
      }
    },
    {
      "ret": 0.134942,
      "vol": 0.048375,
      "weights": {
        "VT_BRL": 0.321477,
        "BOVA11": 0.0,
        "IMAB11": 0.365033,
        "CDI": 0.31349
      }
    },
    {
      "ret": 0.136946,
      "vol": 0.051028,
      "weights": {
        "VT_BRL": 0.338903,
        "BOVA11": 0.0,
        "IMAB11": 0.384846,
        "CDI": 0.27625
      }
    },
    {
      "ret": 0.13895,
      "vol": 0.053681,
      "weights": {
        "VT_BRL": 0.356302,
        "BOVA11": 0.0,
        "IMAB11": 0.404625,
        "CDI": 0.239073
      }
    },
    {
      "ret": 0.140954,
      "vol": 0.056335,
      "weights": {
        "VT_BRL": 0.373673,
        "BOVA11": 0.0,
        "IMAB11": 0.424369,
        "CDI": 0.201958
      }
    },
    {
      "ret": 0.142957,
      "vol": 0.058988,
      "weights": {
        "VT_BRL": 0.391015,
        "BOVA11": 0.0,
        "IMAB11": 0.444084,
        "CDI": 0.164901
      }
    },
    {
      "ret": 0.144961,
      "vol": 0.06164,
      "weights": {
        "VT_BRL": 0.40833,
        "BOVA11": 0.0,
        "IMAB11": 0.46377,
        "CDI": 0.1279
      }
    },
    {
      "ret": 0.146965,
      "vol": 0.06429,